repo,result,message
action-junit-report-main,,Workflow not found
action-sqlfluff,,Workflow not found
actions-usage-report,,Workflow not found
alv,,Workflow not found
ansible-cicd,,Workflow not found
ansible-config,,Workflow not found
ansible-workflows,,Workflow not found
appmap-flask-user-management,,Workflow not found
appmap-weather-service,,Workflow not found
ayetap-build,,Workflow not found
date-utils,,Workflow not found
deploy-service-getter,,Workflow not found
devtraining-needit-kingston,,Workflow not found
docker-caller-workflow,,Workflow not found
docker-release-workflow,,Workflow not found
docker-workflow-config,,Workflow not found
dotnet-basic-ci-workflow-reference,,Workflow not found
file-utils,,Workflow not found
ga-view-test,,Workflow not found
github-utils,,Workflow not found
jenkins-gha-audits,success,
js-action,,Workflow not found
js-action-caller,,Workflow not found
Junit-report,,Workflow not found
junit-test-reporter,,Workflow not found
latest-workflow-runs,,Workflow not found
Maven-Junit-Test,,Workflow not found
maven-workflows,,Workflow not found
packager-action,,Workflow not found
pandas-utils,,Workflow not found
pr-merge-demo,,Workflow not found
project-examples,,Workflow not found
py-string-inverter,,Workflow not found
python-copy-folder-tree,,Workflow not found
python-proj-Inventory-management,,Workflow not found
python-samples,,Workflow not found
ref-repo-a-caller-workflow,,Workflow not found
ref-repo-b-caller-workflow,,Workflow not found
ref-reuseable-workflows,,Workflow not found
reference-jenkins-pipeline-library,,Workflow not found
scan-service-simulator,,Workflow not found
sem-test,,Workflow not found
semantic-release-tester,,Workflow not found
service-getter,,Workflow not found
sql-linting,,Workflow not found
ts-action,,Workflow not found
user-profile-management,,Workflow not found
weather-service,,Workflow not found
